Workbook

Sheet Grid
A1: Grid
B2: 1 | C2: 2 | D2: 3 | E2: 4 | F2: 5 | G2: 6 | H2: 7 | I2: 8
A3: 1 | B3: 0 | C3: 0 | D3: 1 | E3: 0 | F3: 0 | G3: 1 | H3: 1 | I3: 1
A4: 2 | B4: 0 | C4: 0 | D4: 0 | E4: 0 | F4: 1 | G4: 1 | H4: 0 | I4: 0
A5: 3 | B5: 0 | C5: 0 | D5: 1 | E5: 0 | F5: 0 | G5: 0 | H5: 1 | I5: 1
A6: 4 | B6: 1 | C6: 0 | D6: 0 | E6: 1 | F6: 0 | G6: 1 | H6: 0 | I6: 0
A7: 5 | B7: 1 | C7: 0 | D7: 0 | E7: 1 | F7: 0 | G7: 1 | H7: 1 | I7: 1
A8: 6 | B8: 0 | C8: 0 | D8: 1 | E8: 0 | F8: 0 | G8: 0 | H8: 1 | I8: 1
A9: 7 | B9: 0 | C9: 1 | D9: 0 | E9: 1 | F9: 0 | G9: 0 | H9: 0 | I9: 1
A10: 8 | B10: 0 | C10: 1 | D10: 1 | E10: 0 | F10: 1 | G10: 0 | H10: 1 | I10: 1

Sheet Simple Random
A1: Simple Random Sample
B2: Random | C2: Random
A3: Sample | B3: Horizontal | C3: Vertical | D3: Color | E3: Proportion Green
A4: 1 | B4: =RANDBETWEEN(1,8) -> 1 | C4: =RANDBETWEEN(1,8) -> 7 | D4: {=IF(INDEX(Grid!$B$3:$I$10,C4,B4), "Green", "Frost")} -> Frost | E4: =COUNTIF(D4:D19, "Green")/COUNT(A4:A19) -> 0.25
A5: 2 | B5: =RANDBETWEEN(1,8) -> 6 | C5: =RANDBETWEEN(1,8) -> 5 | D5: {=IF(INDEX(Grid!$B$3:$I$10,C5,B5), "Green", "Frost")} -> Green
A6: 3 | B6: =RANDBETWEEN(1,8) -> 5 | C6: =RANDBETWEEN(1,8) -> 7 | D6: {=IF(INDEX(Grid!$B$3:$I$10,C6,B6), "Green", "Frost")} -> Frost
A7: 4 | B7: =RANDBETWEEN(1,8) -> 3 | C7: =RANDBETWEEN(1,8) -> 7 | D7: {=IF(INDEX(Grid!$B$3:$I$10,C7,B7), "Green", "Frost")} -> Frost
A8: 5 | B8: =RANDBETWEEN(1,8) -> 7 | C8: =RANDBETWEEN(1,8) -> 7 | D8: {=IF(INDEX(Grid!$B$3:$I$10,C8,B8), "Green", "Frost")} -> Frost
A9: 6 | B9: =RANDBETWEEN(1,8) -> 6 | C9: =RANDBETWEEN(1,8) -> 8 | D9: {=IF(INDEX(Grid!$B$3:$I$10,C9,B9), "Green", "Frost")} -> Frost
A10: 7 | B10: =RANDBETWEEN(1,8) -> 2 | C10: =RANDBETWEEN(1,8) -> 4 | D10: {=IF(INDEX(Grid!$B$3:$I$10,C10,B10), "Green", "Frost")} -> Frost
A11: 8 | B11: =RANDBETWEEN(1,8) -> 1 | C11: =RANDBETWEEN(1,8) -> 2 | D11: {=IF(INDEX(Grid!$B$3:$I$10,C11,B11), "Green", "Frost")} -> Frost
A12: 9 | B12: =RANDBETWEEN(1,8) -> 7 | C12: =RANDBETWEEN(1,8) -> 4 | D12: {=IF(INDEX(Grid!$B$3:$I$10,C12,B12), "Green", "Frost")} -> Frost
A13: 10 | B13: =RANDBETWEEN(1,8) -> 8 | C13: =RANDBETWEEN(1,8) -> 8 | D13: {=IF(INDEX(Grid!$B$3:$I$10,C13,B13), "Green", "Frost")} -> Green
A14: 11 | B14: =RANDBETWEEN(1,8) -> 2 | C14: =RANDBETWEEN(1,8) -> 6 | D14: {=IF(INDEX(Grid!$B$3:$I$10,C14,B14), "Green", "Frost")} -> Frost
A15: 12 | B15: =RANDBETWEEN(1,8) -> 7 | C15: =RANDBETWEEN(1,8) -> 2 | D15: {=IF(INDEX(Grid!$B$3:$I$10,C15,B15), "Green", "Frost")} -> Frost
A16: 13 | B16: =RANDBETWEEN(1,8) -> 7 | C16: =RANDBETWEEN(1,8) -> 6 | D16: {=IF(INDEX(Grid!$B$3:$I$10,C16,B16), "Green", "Frost")} -> Green
... A19: 16 | B19: =RANDBETWEEN(1,8) -> 6 | C19: =RANDBETWEEN(1,8) -> 4 | D19: {=IF(INDEX(Grid!$B$3:$I$10,C19,B19), "Green", "Frost")} -> Green

Sheet Stratified
A1: Stratified
B2: Sequencial | C2: Random
A3: Sample | B3: Stratum | C3: Vertical | D3: Color | E3: Proportion Green
A4: 1 | B4: 1 | C4: =RANDBETWEEN(1,8) -> 6 | D4: {=IF(INDEX(Grid!$B$3:$I$10,C4,B4), "Green", "Frost")} -> Frost | E4: =COUNTIF(D4:D19, "Green")/COUNT(A4:A19) -> 0.375
A5: 2 | B5: 1 | C5: =RANDBETWEEN(1,8) -> 3 | D5: {=IF(INDEX(Grid!$B$3:$I$10,C5,B5), "Green", "Frost")} -> Frost
A6: 3 | B6: 2 | C6: =RANDBETWEEN(1,8) -> 5 | D6: {=IF(INDEX(Grid!$B$3:$I$10,C6,B6), "Green", "Frost")} -> Frost
A7: 4 | B7: 2 | C7: =RANDBETWEEN(1,8) -> 1 | D7: {=IF(INDEX(Grid!$B$3:$I$10,C7,B7), "Green", "Frost")} -> Frost
A8: 5 | B8: 3 | C8: =RANDBETWEEN(1,8) -> 3 | D8: {=IF(INDEX(Grid!$B$3:$I$10,C8,B8), "Green", "Frost")} -> Green
A9: 6 | B9: 3 | C9: =RANDBETWEEN(1,8) -> 6 | D9: {=IF(INDEX(Grid!$B$3:$I$10,C9,B9), "Green", "Frost")} -> Green
A10: 7 | B10: 4 | C10: =RANDBETWEEN(1,8) -> 6 | D10: {=IF(INDEX(Grid!$B$3:$I$10,C10,B10), "Green", "Frost")} -> Frost
A11: 8 | B11: 4 | C11: =RANDBETWEEN(1,8) -> 3 | D11: {=IF(INDEX(Grid!$B$3:$I$10,C11,B11), "Green", "Frost")} -> Frost
A12: 9 | B12: 5 | C12: =RANDBETWEEN(1,8) -> 5 | D12: {=IF(INDEX(Grid!$B$3:$I$10,C12,B12), "Green", "Frost")} -> Frost
A13: 10 | B13: 5 | C13: =RANDBETWEEN(1,8) -> 2 | D13: {=IF(INDEX(Grid!$B$3:$I$10,C13,B13), "Green", "Frost")} -> Green
A14: 11 | B14: 6 | C14: =RANDBETWEEN(1,8) -> 1 | D14: {=IF(INDEX(Grid!$B$3:$I$10,C14,B14), "Green", "Frost")} -> Green
A15: 12 | B15: 6 | C15: =RANDBETWEEN(1,8) -> 1 | D15: {=IF(INDEX(Grid!$B$3:$I$10,C15,B15), "Green", "Frost")} -> Green
A16: 13 | B16: 7 | C16: =RANDBETWEEN(1,8) -> 4 | D16: {=IF(INDEX(Grid!$B$3:$I$10,C16,B16), "Green", "Frost")} -> Frost
... A19: 16 | B19: 8 | C19: =RANDBETWEEN(1,8) -> 5 | D19: {=IF(INDEX(Grid!$B$3:$I$10,C19,B19), "Green", "Frost")} -> Green

Sheet Cluster
A1: Cluster
B2: Random | C2: Sequencial
A3: Sample | B3: Cluster | C3: Vertical | D3: Color | E3: Proportion Green
A4: 1 | B4: =RANDBETWEEN(1,8) -> 7 | C4: 1 | D4: {=IF(INDEX(Grid!$B$3:$I$10,C4,B4), "Green", "Frost")} -> Green | E4: =COUNTIF(D4:D19, "Green")/COUNT(A4:A19) -> 0.625
A5: 2 | B5: =$B$4 -> 7 | C5: 2 | D5: {=IF(INDEX(Grid!$B$3:$I$10,C5,B5), "Green", "Frost")} -> Frost
A6: 3 | B6: =$B$4 -> 7 | C6: 3 | D6: {=IF(INDEX(Grid!$B$3:$I$10,C6,B6), "Green", "Frost")} -> Green
A7: 4 | B7: =$B$4 -> 7 | C7: 4 | D7: {=IF(INDEX(Grid!$B$3:$I$10,C7,B7), "Green", "Frost")} -> Frost
A8: 5 | B8: =$B$4 -> 7 | C8: 5 | D8: {=IF(INDEX(Grid!$B$3:$I$10,C8,B8), "Green", "Frost")} -> Green
A9: 6 | B9: =$B$4 -> 7 | C9: 6 | D9: {=IF(INDEX(Grid!$B$3:$I$10,C9,B9), "Green", "Frost")} -> Green
A10: 7 | B10: =$B$4 -> 7 | C10: 7 | D10: {=IF(INDEX(Grid!$B$3:$I$10,C10,B10), "Green", "Frost")} -> Frost
A11: 8 | B11: =$B$4 -> 7 | C11: 8 | D11: {=IF(INDEX(Grid!$B$3:$I$10,C11,B11), "Green", "Frost")} -> Green
A12: 9 | B12: =RANDBETWEEN(1,8) -> 7 | C12: 1 | D12: {=IF(INDEX(Grid!$B$3:$I$10,C12,B12), "Green", "Frost")} -> Green
A13: 10 | B13: =$B$12 -> 7 | C13: 2 | D13: {=IF(INDEX(Grid!$B$3:$I$10,C13,B13), "Green", "Frost")} -> Frost
A14: 11 | B14: =$B$12 -> 7 | C14: 3 | D14: {=IF(INDEX(Grid!$B$3:$I$10,C14,B14), "Green", "Frost")} -> Green
A15: 12 | B15: =$B$12 -> 7 | C15: 4 | D15: {=IF(INDEX(Grid!$B$3:$I$10,C15,B15), "Green", "Frost")} -> Frost
A16: 13 | B16: =$B$12 -> 7 | C16: 5 | D16: {=IF(INDEX(Grid!$B$3:$I$10,C16,B16), "Green", "Frost")} -> Green
A17: 14 | B17: =$B$12 -> 7 | C17: 6 | D17: {=IF(INDEX(Grid!$B$3:$I$10,C17,B17), "Green", "Frost")} -> Green
A18: 15 | B18: =$B$12 -> 7 | C18: 7 | D18: {=IF(INDEX(Grid!$B$3:$I$10,C18,B18), "Green", "Frost")} -> Frost
A19: 16 | B19: =$B$12 -> 7 | C19: 8 | D19: {=IF(INDEX(Grid!$B$3:$I$10,C19,B19), "Green", "Frost")} -> Green

Sheet Systematic
A1: Systematic
F2: Random | G2: Random
A3: Sample | B3: Cluster | C3: Vertical | D3: Color | E3: Proportion Green | F3: Start | G3: Step
A4: 1 | B4: =MOD(QUOTIENT(($F$4-1)+$G$4*($A4-1),8),8)+1 -> 1 | C4: =MOD(($F$4-1)+$G$4*($A4-1),8)+1 -> 2 | D4: {=IF(INDEX(Grid!$B$3:$I$10,C4,B4), "Green", "Frost")} -> Frost | E4: =COUNTIF(D4:D19, "Green")/COUNT(A4:A19) -> 0.3125 | F4: =RANDBETWEEN(1, 64) -> 2 | G4: =RANDBETWEEN(3,5) -> 5
A5: 2 | B5: =MOD(QUOTIENT(($F$4-1)+$G$4*($A5-1),8),8)+1 -> 1 | C5: =MOD(($F$4-1)+$G$4*($A5-1),8)+1 -> 7 | D5: {=IF(INDEX(Grid!$B$3:$I$10,C5,B5), "Green", "Frost")} -> Frost
A6: 3 | B6: =MOD(QUOTIENT(($F$4-1)+$G$4*($A6-1),8),8)+1 -> 2 | C6: =MOD(($F$4-1)+$G$4*($A6-1),8)+1 -> 4 | D6: {=IF(INDEX(Grid!$B$3:$I$10,C6,B6), "Green", "Frost")} -> Frost
A7: 4 | B7: =MOD(QUOTIENT(($F$4-1)+$G$4*($A7-1),8),8)+1 -> 3 | C7: =MOD(($F$4-1)+$G$4*($A7-1),8)+1 -> 1 | D7: {=IF(INDEX(Grid!$B$3:$I$10,C7,B7), "Green", "Frost")} -> Green
A8: 5 | B8: =MOD(QUOTIENT(($F$4-1)+$G$4*($A8-1),8),8)+1 -> 3 | C8: =MOD(($F$4-1)+$G$4*($A8-1),8)+1 -> 6 | D8: {=IF(INDEX(Grid!$B$3:$I$10,C8,B8), "Green", "Frost")} -> Green
A9: 6 | B9: =MOD(QUOTIENT(($F$4-1)+$G$4*($A9-1),8),8)+1 -> 4 | C9: =MOD(($F$4-1)+$G$4*($A9-1),8)+1 -> 3 | D9: {=IF(INDEX(Grid!$B$3:$I$10,C9,B9), "Green", "Frost")} -> Frost
A10: 7 | B10: =MOD(QUOTIENT(($F$4-1)+$G$4*($A10-1),8),8)+1 -> 4 | C10: =MOD(($F$4-1)+$G$4*($A10-1),8)+1 -> 8 | D10: {=IF(INDEX(Grid!$B$3:$I$10,C10,B10), "Green", "Frost")} -> Frost
A11: 8 | B11: =MOD(QUOTIENT(($F$4-1)+$G$4*($A11-1),8),8)+1 -> 5 | C11: =MOD(($F$4-1)+$G$4*($A11-1),8)+1 -> 5 | D11: {=IF(INDEX(Grid!$B$3:$I$10,C11,B11), "Green", "Frost")} -> Frost
A12: 9 | B12: =MOD(QUOTIENT(($F$4-1)+$G$4*($A12-1),8),8)+1 -> 6 | C12: =MOD(($F$4-1)+$G$4*($A12-1),8)+1 -> 2 | D12: {=IF(INDEX(Grid!$B$3:$I$10,C12,B12), "Green", "Frost")} -> Green
A13: 10 | B13: =MOD(QUOTIENT(($F$4-1)+$G$4*($A13-1),8),8)+1 -> 6 | C13: =MOD(($F$4-1)+$G$4*($A13-1),8)+1 -> 7 | D13: {=IF(INDEX(Grid!$B$3:$I$10,C13,B13), "Green", "Frost")} -> Frost
A14: 11 | B14: =MOD(QUOTIENT(($F$4-1)+$G$4*($A14-1),8),8)+1 -> 7 | C14: =MOD(($F$4-1)+$G$4*($A14-1),8)+1 -> 4 | D14: {=IF(INDEX(Grid!$B$3:$I$10,C14,B14), "Green", "Frost")} -> Frost
A15: 12 | B15: =MOD(QUOTIENT(($F$4-1)+$G$4*($A15-1),8),8)+1 -> 8 | C15: =MOD(($F$4-1)+$G$4*($A15-1),8)+1 -> 1 | D15: {=IF(INDEX(Grid!$B$3:$I$10,C15,B15), "Green", "Frost")} -> Green
A16: 13 | B16: =MOD(QUOTIENT(($F$4-1)+$G$4*($A16-1),8),8)+1 -> 8 | C16: =MOD(($F$4-1)+$G$4*($A16-1),8)+1 -> 6 | D16: {=IF(INDEX(Grid!$B$3:$I$10,C16,B16), "Green", "Frost")} -> Green
... A19: 16 | B19: =MOD(QUOTIENT(($F$4-1)+$G$4*($A19-1),8),8)+1 -> 2 | C19: =MOD(($F$4-1)+$G$4*($A19-1),8)+1 -> 5 | D19: {=IF(INDEX(Grid!$B$3:$I$10,C19,B19), "Green", "Frost")} -> Frost
